<?xml version="1.0" encoding="UTF-8"?>
<project-private xmlns="http://www.netbeans.org/ns/project-private/1">
    <editor-bookmarks xmlns="http://www.netbeans.org/ns/editor-bookmarks/2" lastBookmarkId="0"/>
    <open-files xmlns="http://www.netbeans.org/ns/projectui-open-files/2">
        <group>
            <file>file:/D:/fremework1/jsfcadastro/src/java/br/com/jsfcadastro/controller/DisciplinaController.java</file>
            <file>file:/D:/fremework1/jsfcadastro/web/views/disciplina/listaAluno.xhtml</file>
            <file>file:/D:/fremework1/jsfcadastro/web/views/aluno/buscarAluno.xhtml</file>
            <file>file:/D:/fremework1/jsfcadastro/web/index.xhtml</file>
            <file>file:/D:/fremework1/jsfcadastro/web/template/template.xhtml</file>
            <file>file:/D:/fremework1/jsfcadastro/web/login.xhtml</file>
            <file>file:/D:/fremework1/jsfcadastro/src/java/br/com/jsfcadastro/controller/UsuarioController.java</file>
        </group>
    </open-files>
</project-private>
